{"cameraMode":{"drawMode":0,"name":"Shaded","section":"Shading Mode"},"sceneLighting":false,"audioPlay":false,"sceneViewState":{"m_AlwaysRefresh":false,"showFog":true,"showSkybox":false,"showFlares":true,"showImageEffects":true,"showParticleSystems":true,"showVisualEffectGraphs":true,"m_FxEnabled":true},"in2DMode":false,"pivot":{"x":-0.6485676765441895,"y":0.971184253692627,"z":-1.1512737274169922},"rotation":{"x":-0.036070164293050769,"y":0.7617716193199158,"z":-0.04256320372223854,"w":-0.6458215713500977},"size":2.2533321380615236,"orthographic":false}