{"cameraMode":{"drawMode":0,"name":"Shaded","section":"Shading Mode"},"sceneLighting":false,"audioPlay":false,"sceneViewState":{"m_AlwaysRefresh":false,"showFog":false,"showSkybox":false,"showFlares":false,"showImageEffects":false,"showParticleSystems":false,"showVisualEffectGraphs":true,"m_FxEnabled":true},"in2DMode":false,"pivot":{"x":9.050471305847168,"y":7.249746322631836,"z":23.931045532226564},"rotation":{"x":-0.0024351070169359447,"y":-0.9685354828834534,"z":0.24937641620635987,"w":-0.010833866894245148},"size":4.994045734405518,"orthographic":false}