{"cameraMode":{"drawMode":0,"name":"Shaded","section":"Shading Mode"},"sceneLighting":false,"audioPlay":false,"sceneViewState":{"m_AlwaysRefresh":false,"showFog":true,"showSkybox":false,"showFlares":true,"showImageEffects":true,"showParticleSystems":true,"showVisualEffectGraphs":true,"m_FxEnabled":true},"in2DMode":false,"pivot":{"x":-0.2691251039505005,"y":0.19457077980041505,"z":-0.20276343822479249},"rotation":{"x":-0.08555226027965546,"y":0.8992627263069153,"z":-0.20483362674713136,"w":-0.37734243273735049},"size":1.4275200366973878,"orthographic":false}