{"cameraMode":{"drawMode":0,"name":"Shaded","section":"Shading Mode"},"sceneLighting":false,"audioPlay":false,"sceneViewState":{"m_AlwaysRefresh":false,"showFog":false,"showSkybox":false,"showFlares":false,"showImageEffects":false,"showParticleSystems":false,"showVisualEffectGraphs":true,"m_FxEnabled":true},"in2DMode":false,"pivot":{"x":0.19722318649291993,"y":2.277897834777832,"z":-0.0006961822509765625},"rotation":{"x":0.03861576318740845,"y":0.958245575428009,"z":-0.15358734130859376,"w":0.23902462422847749},"size":4.1310200691223148,"orthographic":false}